experiment,layer,level,cosine_similarity
row_shuffle,tf_col_1,0,1.0
row_shuffle,tf_col_1,5,0.9999916553497314
row_shuffle,tf_col_1,10,0.9999890327453613
row_shuffle,tf_col_1,15,0.9999942779541016
row_shuffle,tf_col_1,21,0.9999939799308777
row_shuffle,tf_col_1,26,0.9999937415122986
row_shuffle,tf_col_1,31,0.9999924302101135
row_shuffle,tf_col_1,36,0.999993085861206
row_shuffle,tf_col_1,42,0.9999921321868896
row_shuffle,tf_col_1,47,0.9999939203262329
row_shuffle,tf_col_1,52,0.9999934434890747
row_shuffle,tf_col_1,57,0.999993085861206
row_shuffle,tf_col_1,63,0.9999939799308777
row_shuffle,tf_col_1,68,0.9999926090240479
row_shuffle,tf_col_1,73,0.9999933838844299
row_shuffle,tf_col_1,78,0.9999939799308777
row_shuffle,tf_col_1,84,0.9999934434890747
row_shuffle,tf_col_1,89,0.9999918341636658
row_shuffle,tf_col_1,94,0.9999942183494568
row_shuffle,tf_col_1,100,0.999992311000824
col_shuffle,tf_col_1,0,1.0
col_shuffle,tf_col_1,0,1.0
col_shuffle,tf_col_1,0,1.0
col_shuffle,tf_col_1,0,1.0
col_shuffle,tf_col_1,0,1.0
col_shuffle,tf_col_1,1,0.9997808337211609
col_shuffle,tf_col_1,1,0.9998822808265686
col_shuffle,tf_col_1,1,0.9997963905334473
col_shuffle,tf_col_1,1,0.9998822808265686
col_shuffle,tf_col_1,1,0.9997808337211609
col_shuffle,tf_col_1,2,0.9997808337211609
col_shuffle,tf_col_1,2,0.999713659286499
col_shuffle,tf_col_1,2,0.9997808337211609
col_shuffle,tf_col_1,2,1.0
col_shuffle,tf_col_1,2,0.9997963905334473
col_shuffle,tf_col_1,3,0.9997808337211609
col_shuffle,tf_col_1,3,0.9997963905334473
col_shuffle,tf_col_1,3,0.9997963905334473
col_shuffle,tf_col_1,3,1.0
col_shuffle,tf_col_1,4,0.9997963905334473
random_labels,tf_col_1,0,1.0
random_labels,tf_col_1,5,0.9951447248458862
random_labels,tf_col_1,10,0.9817689657211304
random_labels,tf_col_1,15,0.9795145392417908
random_labels,tf_col_1,21,0.9728839993476868
random_labels,tf_col_1,26,0.9572794437408447
random_labels,tf_col_1,31,0.953858494758606
random_labels,tf_col_1,36,0.9203625321388245
random_labels,tf_col_1,42,0.9226402044296265
random_labels,tf_col_1,47,0.9037968516349792
random_labels,tf_col_1,52,0.8735326528549194
random_labels,tf_col_1,57,0.8907764554023743
random_labels,tf_col_1,63,0.8615773916244507
random_labels,tf_col_1,68,0.8480854034423828
random_labels,tf_col_1,73,0.8392980098724365
random_labels,tf_col_1,78,0.8487520813941956
random_labels,tf_col_1,84,0.8115313649177551
random_labels,tf_col_1,89,0.808940589427948
random_labels,tf_col_1,94,0.8233212232589722
random_labels,tf_col_1,100,0.8117241859436035
col_remove,tf_col_1,0,1.0
col_remove,tf_col_1,0,1.0
col_remove,tf_col_1,0,1.0
col_remove,tf_col_1,0,1.0
col_remove,tf_col_1,0,1.0
col_remove,tf_col_1,0,1.0
col_remove,tf_col_1,0,1.0
col_remove,tf_col_1,1,0.9815341234207153
col_remove,tf_col_1,1,0.9818652272224426
col_remove,tf_col_1,1,0.9747284650802612
col_remove,tf_col_1,1,0.9815341234207153
col_remove,tf_col_1,1,0.9815341234207153
col_remove,tf_col_1,1,0.9747284650802612
col_remove,tf_col_1,2,0.9332963824272156
col_remove,tf_col_1,2,0.9435622692108154
col_remove,tf_col_1,2,0.9332963824272156
col_remove,tf_col_1,2,0.9247930645942688
col_remove,tf_col_1,2,0.9061499834060669
col_remove,tf_col_1,2,0.9407671093940735
col_remove,tf_col_1,3,0.8263149261474609
row_remove,tf_col_1,0,1.0
row_remove,tf_col_1,5,0.9962822794914246
row_remove,tf_col_1,10,0.9960599541664124
row_remove,tf_col_1,15,0.9870815277099609
row_remove,tf_col_1,20,0.988518238067627
row_remove,tf_col_1,25,0.9935078620910645
row_remove,tf_col_1,30,0.9929445385932922
row_remove,tf_col_1,36,0.9839309453964233
row_remove,tf_col_1,41,0.9642267823219299
row_remove,tf_col_1,46,0.9706776142120361
row_remove,tf_col_1,51,0.9583020210266113
row_remove,tf_col_1,56,0.9451680183410645
row_remove,tf_col_1,61,0.9600023031234741
row_remove,tf_col_1,67,0.9252784252166748
row_remove,tf_col_1,72,0.9464075565338135
row_remove,tf_col_1,77,0.9197713732719421
row_remove,tf_col_1,82,0.9463596940040588
row_remove,tf_col_1,87,0.8922066688537598
row_remove,tf_col_1,92,0.8450053334236145
row_remove,tf_col_1,98,0.1103169247508049
value_noise,tf_col_1,0,1.0
value_noise,tf_col_1,21,0.9940289258956909
value_noise,tf_col_1,42,0.9880257248878479
value_noise,tf_col_1,63,0.9767228960990906
value_noise,tf_col_1,84,0.9800183176994324
value_noise,tf_col_1,105,0.9599379897117615
value_noise,tf_col_1,126,0.9514957666397095
value_noise,tf_col_1,147,0.9560793042182922
value_noise,tf_col_1,168,0.9281150698661804
value_noise,tf_col_1,189,0.9343417286872864
value_noise,tf_col_1,210,0.9194651246070862
value_noise,tf_col_1,231,0.8953021168708801
value_noise,tf_col_1,252,0.862305223941803
value_noise,tf_col_1,273,0.8655608296394348
value_noise,tf_col_1,294,0.8379505276679993
value_noise,tf_col_1,315,0.8703817129135132
value_noise,tf_col_1,336,0.8234567046165466
value_noise,tf_col_1,357,0.7973539233207703
value_noise,tf_col_1,378,0.7814630270004272
value_noise,tf_col_1,400,0.7646337151527405
alt_target,tf_col_1,0,0.9068119525909424
alt_target,tf_col_1,1,0.7313742637634277
alt_target,tf_col_1,2,0.9174408912658691
alt_target,tf_col_1,3,0.9313221573829651
row_shuffle,tf_row_1,0,1.0
row_shuffle,tf_row_1,5,0.9999709129333496
row_shuffle,tf_row_1,10,0.9999646544456482
row_shuffle,tf_row_1,15,0.99997878074646
row_shuffle,tf_row_1,21,0.999976634979248
row_shuffle,tf_row_1,26,0.999977707862854
row_shuffle,tf_row_1,31,0.9999753832817078
row_shuffle,tf_row_1,36,0.9999741911888123
row_shuffle,tf_row_1,42,0.9999743700027466
row_shuffle,tf_row_1,47,0.9999783039093018
row_shuffle,tf_row_1,52,0.9999774694442749
row_shuffle,tf_row_1,57,0.9999785423278809
row_shuffle,tf_row_1,63,0.9999774098396301
row_shuffle,tf_row_1,68,0.9999725818634033
row_shuffle,tf_row_1,73,0.9999765753746033
row_shuffle,tf_row_1,78,0.999978244304657
row_shuffle,tf_row_1,84,0.999977171421051
row_shuffle,tf_row_1,89,0.9999733567237854
row_shuffle,tf_row_1,94,0.999978244304657
row_shuffle,tf_row_1,100,0.9999732971191406
col_shuffle,tf_row_1,0,1.0
col_shuffle,tf_row_1,0,1.0
col_shuffle,tf_row_1,0,1.0
col_shuffle,tf_row_1,0,1.0
col_shuffle,tf_row_1,0,1.0
col_shuffle,tf_row_1,1,0.9988803863525391
col_shuffle,tf_row_1,1,0.9990816712379456
col_shuffle,tf_row_1,1,0.9993583559989929
col_shuffle,tf_row_1,1,0.9990816712379456
col_shuffle,tf_row_1,1,0.9990308284759521
col_shuffle,tf_row_1,2,0.9989454746246338
col_shuffle,tf_row_1,2,0.9986640810966492
col_shuffle,tf_row_1,2,0.9991556406021118
col_shuffle,tf_row_1,2,1.0
col_shuffle,tf_row_1,2,0.9990733861923218
col_shuffle,tf_row_1,3,0.9990308284759521
col_shuffle,tf_row_1,3,0.9988082051277161
col_shuffle,tf_row_1,3,0.9993583559989929
col_shuffle,tf_row_1,3,0.999462366104126
col_shuffle,tf_row_1,4,0.9989330172538757
random_labels,tf_row_1,0,1.0
random_labels,tf_row_1,5,0.9898256659507751
random_labels,tf_row_1,10,0.9704597592353821
random_labels,tf_row_1,15,0.9615243673324585
random_labels,tf_row_1,21,0.9577999711036682
random_labels,tf_row_1,26,0.9410333037376404
random_labels,tf_row_1,31,0.9373281002044678
random_labels,tf_row_1,36,0.9218814969062805
random_labels,tf_row_1,42,0.9159058332443237
random_labels,tf_row_1,47,0.9021689891815186
random_labels,tf_row_1,52,0.8625178337097168
random_labels,tf_row_1,57,0.8889713287353516
random_labels,tf_row_1,63,0.875688910484314
random_labels,tf_row_1,68,0.8738383650779724
random_labels,tf_row_1,73,0.8534728288650513
random_labels,tf_row_1,78,0.8600967526435852
random_labels,tf_row_1,84,0.797443687915802
random_labels,tf_row_1,89,0.8189011216163635
random_labels,tf_row_1,94,0.7914981245994568
random_labels,tf_row_1,100,0.7804791331291199
col_remove,tf_row_1,0,1.0
col_remove,tf_row_1,0,1.0
col_remove,tf_row_1,0,1.0
col_remove,tf_row_1,0,1.0
col_remove,tf_row_1,0,1.0
col_remove,tf_row_1,0,1.0
col_remove,tf_row_1,0,1.0
col_remove,tf_row_1,1,0.9794722199440002
col_remove,tf_row_1,1,0.9789278507232666
col_remove,tf_row_1,1,0.9836392402648926
col_remove,tf_row_1,1,0.9794722199440002
col_remove,tf_row_1,1,0.9794722199440002
col_remove,tf_row_1,1,0.9836392402648926
col_remove,tf_row_1,2,0.9413378238677979
col_remove,tf_row_1,2,0.9445419311523438
col_remove,tf_row_1,2,0.9413378238677979
col_remove,tf_row_1,2,0.9447885751724243
col_remove,tf_row_1,2,0.9004965424537659
col_remove,tf_row_1,2,0.9575984477996826
col_remove,tf_row_1,3,0.834263026714325
row_remove,tf_row_1,0,1.0
row_remove,tf_row_1,5,0.9962026476860046
row_remove,tf_row_1,10,0.9961562156677246
row_remove,tf_row_1,15,0.9899569153785706
row_remove,tf_row_1,20,0.9924407005310059
row_remove,tf_row_1,25,0.9929147362709045
row_remove,tf_row_1,30,0.9885618686676025
row_remove,tf_row_1,36,0.9836164712905884
row_remove,tf_row_1,41,0.9748278260231018
row_remove,tf_row_1,46,0.9694197177886963
row_remove,tf_row_1,51,0.9696305990219116
row_remove,tf_row_1,56,0.9615432620048523
row_remove,tf_row_1,61,0.9606063365936279
row_remove,tf_row_1,67,0.9484813213348389
row_remove,tf_row_1,72,0.9440928101539612
row_remove,tf_row_1,77,0.9390853643417358
row_remove,tf_row_1,82,0.9246758222579956
row_remove,tf_row_1,87,0.8601149916648865
row_remove,tf_row_1,92,0.8464296460151672
row_remove,tf_row_1,98,0.43993428349494934
value_noise,tf_row_1,0,1.0
value_noise,tf_row_1,21,0.993099570274353
value_noise,tf_row_1,42,0.9868916869163513
value_noise,tf_row_1,63,0.9720767140388489
value_noise,tf_row_1,84,0.9756690859794617
value_noise,tf_row_1,105,0.9581655263900757
value_noise,tf_row_1,126,0.9491138458251953
value_noise,tf_row_1,147,0.9467589855194092
value_noise,tf_row_1,168,0.9446500539779663
value_noise,tf_row_1,189,0.9378914833068848
value_noise,tf_row_1,210,0.9180259704589844
value_noise,tf_row_1,231,0.8917359113693237
value_noise,tf_row_1,252,0.8746979236602783
value_noise,tf_row_1,273,0.8690735101699829
value_noise,tf_row_1,294,0.8584886789321899
value_noise,tf_row_1,315,0.8712247610092163
value_noise,tf_row_1,336,0.8132585883140564
value_noise,tf_row_1,357,0.8162435293197632
value_noise,tf_row_1,378,0.7586916089057922
value_noise,tf_row_1,400,0.7492746114730835
alt_target,tf_row_1,0,0.8876162171363831
alt_target,tf_row_1,1,0.6508607268333435
alt_target,tf_row_1,2,0.8894443511962891
alt_target,tf_row_1,3,0.9022958874702454
row_shuffle,tf_col_2,0,1.0
row_shuffle,tf_col_2,5,0.9999583959579468
row_shuffle,tf_col_2,10,0.9999697804450989
row_shuffle,tf_col_2,15,0.9999629855155945
row_shuffle,tf_col_2,21,0.999977171421051
row_shuffle,tf_col_2,26,0.9999753832817078
row_shuffle,tf_col_2,31,0.9999615550041199
row_shuffle,tf_col_2,36,0.9999675154685974
row_shuffle,tf_col_2,42,0.9999728202819824
row_shuffle,tf_col_2,47,0.9999597072601318
row_shuffle,tf_col_2,52,0.999967634677887
row_shuffle,tf_col_2,57,0.99997878074646
row_shuffle,tf_col_2,63,0.9999697804450989
row_shuffle,tf_col_2,68,0.9999613761901855
row_shuffle,tf_col_2,73,0.9999650716781616
row_shuffle,tf_col_2,78,0.9999765157699585
row_shuffle,tf_col_2,84,0.999977171421051
row_shuffle,tf_col_2,89,0.9999468326568604
row_shuffle,tf_col_2,94,0.999971330165863
row_shuffle,tf_col_2,100,0.9999774098396301
col_shuffle,tf_col_2,0,1.0
col_shuffle,tf_col_2,0,1.0
col_shuffle,tf_col_2,0,1.0
col_shuffle,tf_col_2,0,1.0
col_shuffle,tf_col_2,0,1.0
col_shuffle,tf_col_2,1,0.9990343451499939
col_shuffle,tf_col_2,1,0.9992906451225281
col_shuffle,tf_col_2,1,0.9990395307540894
col_shuffle,tf_col_2,1,0.9992906451225281
col_shuffle,tf_col_2,1,0.9987919330596924
col_shuffle,tf_col_2,2,0.9988682270050049
col_shuffle,tf_col_2,2,0.9988768100738525
col_shuffle,tf_col_2,2,0.9991255402565002
col_shuffle,tf_col_2,2,1.0
col_shuffle,tf_col_2,2,0.9990185499191284
col_shuffle,tf_col_2,3,0.9987919330596924
col_shuffle,tf_col_2,3,0.9990900158882141
col_shuffle,tf_col_2,3,0.9990395307540894
col_shuffle,tf_col_2,3,0.9995427131652832
col_shuffle,tf_col_2,4,0.9991368055343628
random_labels,tf_col_2,0,1.0
random_labels,tf_col_2,5,0.9750200510025024
random_labels,tf_col_2,10,0.9633085131645203
random_labels,tf_col_2,15,0.9432076215744019
random_labels,tf_col_2,21,0.9333953261375427
random_labels,tf_col_2,26,0.9237493872642517
random_labels,tf_col_2,31,0.9129553437232971
random_labels,tf_col_2,36,0.9036363363265991
random_labels,tf_col_2,42,0.915279746055603
random_labels,tf_col_2,47,0.8885789513587952
random_labels,tf_col_2,52,0.8958323001861572
random_labels,tf_col_2,57,0.8792272210121155
random_labels,tf_col_2,63,0.8802909255027771
random_labels,tf_col_2,68,0.8703845739364624
random_labels,tf_col_2,73,0.8757664561271667
random_labels,tf_col_2,78,0.8612905740737915
random_labels,tf_col_2,84,0.8575215339660645
random_labels,tf_col_2,89,0.8785334825515747
random_labels,tf_col_2,94,0.8862136006355286
random_labels,tf_col_2,100,0.8746125102043152
col_remove,tf_col_2,0,1.0
col_remove,tf_col_2,0,1.0
col_remove,tf_col_2,0,1.0
col_remove,tf_col_2,0,1.0
col_remove,tf_col_2,0,1.0
col_remove,tf_col_2,0,1.0
col_remove,tf_col_2,0,1.0
col_remove,tf_col_2,1,0.9446665048599243
col_remove,tf_col_2,1,0.9481982588768005
col_remove,tf_col_2,1,0.9581159353256226
col_remove,tf_col_2,1,0.9446665048599243
col_remove,tf_col_2,1,0.9446665048599243
col_remove,tf_col_2,1,0.9581159353256226
col_remove,tf_col_2,2,0.8351140022277832
col_remove,tf_col_2,2,0.8377443552017212
col_remove,tf_col_2,2,0.8351140022277832
col_remove,tf_col_2,2,0.8637258410453796
col_remove,tf_col_2,2,0.7586658596992493
col_remove,tf_col_2,2,0.8357832431793213
col_remove,tf_col_2,3,0.5640555620193481
row_remove,tf_col_2,0,1.0
row_remove,tf_col_2,5,0.9923487901687622
row_remove,tf_col_2,10,0.9922493696212769
row_remove,tf_col_2,15,0.9865279197692871
row_remove,tf_col_2,20,0.9845144748687744
row_remove,tf_col_2,25,0.9801978468894958
row_remove,tf_col_2,30,0.9805742502212524
row_remove,tf_col_2,36,0.9600836038589478
row_remove,tf_col_2,41,0.9239574670791626
row_remove,tf_col_2,46,0.929104745388031
row_remove,tf_col_2,51,0.921263575553894
row_remove,tf_col_2,56,0.9197885394096375
row_remove,tf_col_2,61,0.9051998853683472
row_remove,tf_col_2,67,0.8370370268821716
row_remove,tf_col_2,72,0.8709561228752136
row_remove,tf_col_2,77,0.8040708303451538
row_remove,tf_col_2,82,0.8402827978134155
row_remove,tf_col_2,87,0.7457941174507141
row_remove,tf_col_2,92,0.6447958946228027
row_remove,tf_col_2,98,0.2259475290775299
value_noise,tf_col_2,0,1.0
value_noise,tf_col_2,21,0.9768041372299194
value_noise,tf_col_2,42,0.9635138511657715
value_noise,tf_col_2,63,0.9030330777168274
value_noise,tf_col_2,84,0.9178621172904968
value_noise,tf_col_2,105,0.8881500363349915
value_noise,tf_col_2,126,0.8949185013771057
value_noise,tf_col_2,147,0.8445159792900085
value_noise,tf_col_2,168,0.8556644320487976
value_noise,tf_col_2,189,0.8323025703430176
value_noise,tf_col_2,210,0.8081068992614746
value_noise,tf_col_2,231,0.8187160491943359
value_noise,tf_col_2,252,0.7668549418449402
value_noise,tf_col_2,273,0.7755051255226135
value_noise,tf_col_2,294,0.7353956699371338
value_noise,tf_col_2,315,0.7689142823219299
value_noise,tf_col_2,336,0.7287344932556152
value_noise,tf_col_2,357,0.7246949672698975
value_noise,tf_col_2,378,0.6802496910095215
value_noise,tf_col_2,400,0.6691649556159973
alt_target,tf_col_2,0,0.914381742477417
alt_target,tf_col_2,1,0.8709327578544617
alt_target,tf_col_2,2,0.8964166045188904
alt_target,tf_col_2,3,0.9306071400642395
row_shuffle,tf_row_2,0,1.0
row_shuffle,tf_row_2,5,0.9998010993003845
row_shuffle,tf_row_2,10,0.9997533559799194
row_shuffle,tf_row_2,15,0.9996733069419861
row_shuffle,tf_row_2,21,0.999315083026886
row_shuffle,tf_row_2,26,0.9998277425765991
row_shuffle,tf_row_2,31,0.9996406435966492
row_shuffle,tf_row_2,36,0.9997787475585938
row_shuffle,tf_row_2,42,0.9998227953910828
row_shuffle,tf_row_2,47,0.9995167255401611
row_shuffle,tf_row_2,52,0.9995920658111572
row_shuffle,tf_row_2,57,0.9996247887611389
row_shuffle,tf_row_2,63,0.9998229742050171
row_shuffle,tf_row_2,68,0.9997338056564331
row_shuffle,tf_row_2,73,0.999603271484375
row_shuffle,tf_row_2,78,0.9995260834693909
row_shuffle,tf_row_2,84,0.9996615052223206
row_shuffle,tf_row_2,89,0.9997065663337708
row_shuffle,tf_row_2,94,0.9996399879455566
row_shuffle,tf_row_2,100,0.9998014569282532
col_shuffle,tf_row_2,0,1.0
col_shuffle,tf_row_2,0,1.0
col_shuffle,tf_row_2,0,1.0
col_shuffle,tf_row_2,0,1.0
col_shuffle,tf_row_2,0,1.0
col_shuffle,tf_row_2,1,0.9976963996887207
col_shuffle,tf_row_2,1,0.9258981347084045
col_shuffle,tf_row_2,1,0.9919814467430115
col_shuffle,tf_row_2,1,0.9258981347084045
col_shuffle,tf_row_2,1,0.9978549480438232
col_shuffle,tf_row_2,2,0.9981397390365601
col_shuffle,tf_row_2,2,0.9944626688957214
col_shuffle,tf_row_2,2,0.9972026944160461
col_shuffle,tf_row_2,2,1.0
col_shuffle,tf_row_2,2,0.9615976214408875
col_shuffle,tf_row_2,3,0.9978549480438232
col_shuffle,tf_row_2,3,0.9934901595115662
col_shuffle,tf_row_2,3,0.9919814467430115
col_shuffle,tf_row_2,3,0.9194577932357788
col_shuffle,tf_row_2,4,0.9956626892089844
random_labels,tf_row_2,0,1.0
random_labels,tf_row_2,5,0.8814707398414612
random_labels,tf_row_2,10,0.8292165398597717
random_labels,tf_row_2,15,0.8478436470031738
random_labels,tf_row_2,21,0.7952374815940857
random_labels,tf_row_2,26,0.8200425505638123
random_labels,tf_row_2,31,0.8012292981147766
random_labels,tf_row_2,36,0.7887693643569946
random_labels,tf_row_2,42,0.7694735527038574
random_labels,tf_row_2,47,0.7504302859306335
random_labels,tf_row_2,52,0.7368924021720886
random_labels,tf_row_2,57,0.7429782748222351
random_labels,tf_row_2,63,0.7427936792373657
random_labels,tf_row_2,68,0.7424272894859314
random_labels,tf_row_2,73,0.7712359428405762
random_labels,tf_row_2,78,0.7247829437255859
random_labels,tf_row_2,84,0.7190933227539062
random_labels,tf_row_2,89,0.7654549479484558
random_labels,tf_row_2,94,0.684816300868988
random_labels,tf_row_2,100,0.7243819236755371
col_remove,tf_row_2,0,1.0
col_remove,tf_row_2,0,1.0
col_remove,tf_row_2,0,1.0
col_remove,tf_row_2,0,1.0
col_remove,tf_row_2,0,1.0
col_remove,tf_row_2,0,1.0
col_remove,tf_row_2,0,1.0
col_remove,tf_row_2,1,0.8673741817474365
col_remove,tf_row_2,1,0.8551550507545471
col_remove,tf_row_2,1,0.7807235717773438
col_remove,tf_row_2,1,0.8673741817474365
col_remove,tf_row_2,1,0.8673741817474365
col_remove,tf_row_2,1,0.7807235717773438
col_remove,tf_row_2,2,0.7238916754722595
col_remove,tf_row_2,2,0.8396317958831787
col_remove,tf_row_2,2,0.7238916754722595
col_remove,tf_row_2,2,0.7553421854972839
col_remove,tf_row_2,2,0.6517608165740967
col_remove,tf_row_2,2,0.7461646795272827
col_remove,tf_row_2,3,0.6573486328125
row_remove,tf_row_2,0,1.0
row_remove,tf_row_2,5,0.951448380947113
row_remove,tf_row_2,10,0.9282125234603882
row_remove,tf_row_2,15,0.8872337937355042
row_remove,tf_row_2,20,0.8727226257324219
row_remove,tf_row_2,25,0.8494145274162292
row_remove,tf_row_2,30,0.8578401207923889
row_remove,tf_row_2,36,0.8443451523780823
row_remove,tf_row_2,41,0.8307363986968994
row_remove,tf_row_2,46,0.8277851343154907
row_remove,tf_row_2,51,0.798647403717041
row_remove,tf_row_2,56,0.8656917810440063
row_remove,tf_row_2,61,0.8154746890068054
row_remove,tf_row_2,67,0.8053430914878845
row_remove,tf_row_2,72,0.8102369904518127
row_remove,tf_row_2,77,0.757172167301178
row_remove,tf_row_2,82,0.771714985370636
row_remove,tf_row_2,87,0.7313147783279419
row_remove,tf_row_2,92,0.6682010889053345
row_remove,tf_row_2,98,0.40577054023742676
value_noise,tf_row_2,0,1.0
value_noise,tf_row_2,21,0.8979222774505615
value_noise,tf_row_2,42,0.8870006799697876
value_noise,tf_row_2,63,0.828824520111084
value_noise,tf_row_2,84,0.8333766460418701
value_noise,tf_row_2,105,0.8034085035324097
value_noise,tf_row_2,126,0.7389980554580688
value_noise,tf_row_2,147,0.6991045475006104
value_noise,tf_row_2,168,0.7915385961532593
value_noise,tf_row_2,189,0.729439914226532
value_noise,tf_row_2,210,0.7517151832580566
value_noise,tf_row_2,231,0.7518890500068665
value_noise,tf_row_2,252,0.6987342238426208
value_noise,tf_row_2,273,0.726784348487854
value_noise,tf_row_2,294,0.703428328037262
value_noise,tf_row_2,315,0.6611359119415283
value_noise,tf_row_2,336,0.6427264213562012
value_noise,tf_row_2,357,0.6796572208404541
value_noise,tf_row_2,378,0.6960914731025696
value_noise,tf_row_2,400,0.6558054089546204
alt_target,tf_row_2,0,0.7589503526687622
alt_target,tf_row_2,1,0.7068653702735901
alt_target,tf_row_2,2,0.7085972428321838
alt_target,tf_row_2,3,0.8082994818687439
row_shuffle,tf_icl,0,1.0
row_shuffle,tf_icl,5,0.9998778700828552
row_shuffle,tf_icl,10,0.9998308420181274
row_shuffle,tf_icl,15,0.9998591542243958
row_shuffle,tf_icl,21,0.9998247027397156
row_shuffle,tf_icl,26,0.9998931288719177
row_shuffle,tf_icl,31,0.9998913407325745
row_shuffle,tf_icl,36,0.9998278617858887
row_shuffle,tf_icl,42,0.9998753070831299
row_shuffle,tf_icl,47,0.9998125433921814
row_shuffle,tf_icl,52,0.9998141527175903
row_shuffle,tf_icl,57,0.9998403787612915
row_shuffle,tf_icl,63,0.9997586011886597
row_shuffle,tf_icl,68,0.999904453754425
row_shuffle,tf_icl,73,0.9998042583465576
row_shuffle,tf_icl,78,0.9998210668563843
row_shuffle,tf_icl,84,0.9998635053634644
row_shuffle,tf_icl,89,0.9996792078018188
row_shuffle,tf_icl,94,0.9997988343238831
row_shuffle,tf_icl,100,0.9998765587806702
col_shuffle,tf_icl,0,1.0
col_shuffle,tf_icl,0,1.0
col_shuffle,tf_icl,0,1.0
col_shuffle,tf_icl,0,1.0
col_shuffle,tf_icl,0,1.0
col_shuffle,tf_icl,1,0.998879611492157
col_shuffle,tf_icl,1,0.9896112680435181
col_shuffle,tf_icl,1,0.9989029765129089
col_shuffle,tf_icl,1,0.9896112680435181
col_shuffle,tf_icl,1,0.9997634291648865
col_shuffle,tf_icl,2,0.9995847940444946
col_shuffle,tf_icl,2,0.998366117477417
col_shuffle,tf_icl,2,0.9989033341407776
col_shuffle,tf_icl,2,1.0
col_shuffle,tf_icl,2,0.9749303460121155
col_shuffle,tf_icl,3,0.9997634291648865
col_shuffle,tf_icl,3,0.9996147155761719
col_shuffle,tf_icl,3,0.9989029765129089
col_shuffle,tf_icl,3,0.9905254244804382
col_shuffle,tf_icl,4,0.9988605380058289
random_labels,tf_icl,0,1.0
random_labels,tf_icl,5,0.9475781917572021
random_labels,tf_icl,10,0.9412990808486938
random_labels,tf_icl,15,0.9216499924659729
random_labels,tf_icl,21,0.9089557528495789
random_labels,tf_icl,26,0.8968133330345154
random_labels,tf_icl,31,0.8647220134735107
random_labels,tf_icl,36,0.8208157420158386
random_labels,tf_icl,42,0.8390849828720093
random_labels,tf_icl,47,0.8413363695144653
random_labels,tf_icl,52,0.7958608865737915
random_labels,tf_icl,57,0.7553070783615112
random_labels,tf_icl,63,0.7423930168151855
random_labels,tf_icl,68,0.7275173664093018
random_labels,tf_icl,73,0.6712726354598999
random_labels,tf_icl,78,0.6717758178710938
random_labels,tf_icl,84,0.6402019262313843
random_labels,tf_icl,89,0.6564568281173706
random_labels,tf_icl,94,0.6358094215393066
random_labels,tf_icl,100,0.627308189868927
col_remove,tf_icl,0,1.0
col_remove,tf_icl,0,1.0
col_remove,tf_icl,0,1.0
col_remove,tf_icl,0,1.0
col_remove,tf_icl,0,1.0
col_remove,tf_icl,0,1.0
col_remove,tf_icl,0,1.0
col_remove,tf_icl,1,0.9797030687332153
col_remove,tf_icl,1,0.9811033606529236
col_remove,tf_icl,1,0.9878351092338562
col_remove,tf_icl,1,0.9797030687332153
col_remove,tf_icl,1,0.9797030687332153
col_remove,tf_icl,1,0.9878351092338562
col_remove,tf_icl,2,0.9205101132392883
col_remove,tf_icl,2,0.9395195841789246
col_remove,tf_icl,2,0.9205101132392883
col_remove,tf_icl,2,0.936919093132019
col_remove,tf_icl,2,0.8651685118675232
col_remove,tf_icl,2,0.8997740745544434
col_remove,tf_icl,3,0.8585098385810852
row_remove,tf_icl,0,1.0
row_remove,tf_icl,5,0.9947539567947388
row_remove,tf_icl,10,0.9838912487030029
row_remove,tf_icl,15,0.9960523843765259
row_remove,tf_icl,20,0.9832059741020203
row_remove,tf_icl,25,0.9756322503089905
row_remove,tf_icl,30,0.9814295768737793
row_remove,tf_icl,36,0.9608500599861145
row_remove,tf_icl,41,0.967922568321228
row_remove,tf_icl,46,0.949129045009613
row_remove,tf_icl,51,0.9384498000144958
row_remove,tf_icl,56,0.9188272953033447
row_remove,tf_icl,61,0.9342800974845886
row_remove,tf_icl,67,0.922747015953064
row_remove,tf_icl,72,0.9105110764503479
row_remove,tf_icl,77,0.9050896167755127
row_remove,tf_icl,82,0.8814985752105713
row_remove,tf_icl,87,0.8861013650894165
row_remove,tf_icl,92,0.8699272871017456
row_remove,tf_icl,98,0.791232168674469
value_noise,tf_icl,0,1.0
value_noise,tf_icl,21,0.9858712553977966
value_noise,tf_icl,42,0.9869611859321594
value_noise,tf_icl,63,0.9771608114242554
value_noise,tf_icl,84,0.9751948714256287
value_noise,tf_icl,105,0.9685676693916321
value_noise,tf_icl,126,0.956508457660675
value_noise,tf_icl,147,0.9527314901351929
value_noise,tf_icl,168,0.9545892477035522
value_noise,tf_icl,189,0.9533342719078064
value_noise,tf_icl,210,0.9380166530609131
value_noise,tf_icl,231,0.8412625789642334
value_noise,tf_icl,252,0.8980346918106079
value_noise,tf_icl,273,0.9170297980308533
value_noise,tf_icl,294,0.8027311563491821
value_noise,tf_icl,315,0.8282816410064697
value_noise,tf_icl,336,0.7895302772521973
value_noise,tf_icl,357,0.645292341709137
value_noise,tf_icl,378,0.6050974130630493
value_noise,tf_icl,400,0.6045375466346741
alt_target,tf_icl,0,0.8814180493354797
alt_target,tf_icl,1,0.7715300917625427
alt_target,tf_icl,2,0.8641954660415649
alt_target,tf_icl,3,0.8773733377456665
