experiment,layer,level,value
row_shuffle,tf_col_early,0,1.0
row_shuffle,tf_col_early,5,0.9999999999999968
row_shuffle,tf_col_early,10,0.9999999999999976
row_shuffle,tf_col_early,15,0.9999999999999943
row_shuffle,tf_col_early,21,0.9999999999999976
row_shuffle,tf_col_early,26,0.9999999999999972
row_shuffle,tf_col_early,31,0.9999999999999942
row_shuffle,tf_col_early,36,0.9999999999999969
row_shuffle,tf_col_early,42,0.9999999999999949
row_shuffle,tf_col_early,47,0.9999999999999978
row_shuffle,tf_col_early,52,0.9999999999999936
row_shuffle,tf_col_early,57,0.999999999999987
row_shuffle,tf_col_early,63,0.9999999999999963
row_shuffle,tf_col_early,68,0.999999999999993
row_shuffle,tf_col_early,73,0.999999999999996
row_shuffle,tf_col_early,78,0.9999999999999962
row_shuffle,tf_col_early,84,0.9999999999999897
row_shuffle,tf_col_early,89,0.9999999999999948
row_shuffle,tf_col_early,94,0.9999999999999979
row_shuffle,tf_col_early,100,0.9999999999999956
col_shuffle,tf_col_early,0,1.0
col_shuffle,tf_col_early,0,1.0
col_shuffle,tf_col_early,0,1.0
col_shuffle,tf_col_early,0,1.0
col_shuffle,tf_col_early,0,1.0
col_shuffle,tf_col_early,1,0.9999999999999999
col_shuffle,tf_col_early,1,0.9999999999999998
col_shuffle,tf_col_early,1,0.9999999999999999
col_shuffle,tf_col_early,1,0.9999999999999998
col_shuffle,tf_col_early,1,0.9999999999999999
col_shuffle,tf_col_early,2,0.9999999999999998
col_shuffle,tf_col_early,2,0.9999999999999998
col_shuffle,tf_col_early,2,0.9999999999999998
col_shuffle,tf_col_early,2,1.0
col_shuffle,tf_col_early,2,0.9999999999999999
col_shuffle,tf_col_early,3,0.9999999999999999
col_shuffle,tf_col_early,3,0.9999999999999998
col_shuffle,tf_col_early,3,0.9999999999999999
col_shuffle,tf_col_early,3,0.9999999999999998
col_shuffle,tf_col_early,4,0.9999999999999999
random_labels,tf_col_early,0,1.0
random_labels,tf_col_early,5,1.0
random_labels,tf_col_early,10,1.0
random_labels,tf_col_early,15,1.0
random_labels,tf_col_early,21,1.0
random_labels,tf_col_early,26,1.0
random_labels,tf_col_early,31,1.0
random_labels,tf_col_early,36,1.0
random_labels,tf_col_early,42,1.0
random_labels,tf_col_early,47,1.0
random_labels,tf_col_early,52,1.0
random_labels,tf_col_early,57,1.0
random_labels,tf_col_early,63,1.0
random_labels,tf_col_early,68,1.0
random_labels,tf_col_early,73,1.0
random_labels,tf_col_early,78,1.0
random_labels,tf_col_early,84,1.0
random_labels,tf_col_early,89,1.0
random_labels,tf_col_early,94,1.0
random_labels,tf_col_early,100,1.0
col_remove,tf_col_early,0,1.0
col_remove,tf_col_early,0,1.0
col_remove,tf_col_early,0,1.0
col_remove,tf_col_early,0,1.0
col_remove,tf_col_early,0,1.0
col_remove,tf_col_early,0,1.0
col_remove,tf_col_early,0,1.0
col_remove,tf_col_early,1,0.8714201117791283
col_remove,tf_col_early,1,0.8542364431890167
col_remove,tf_col_early,1,0.9580772830387765
col_remove,tf_col_early,1,0.8714201117791283
col_remove,tf_col_early,1,0.8714201117791283
col_remove,tf_col_early,1,0.9580772830387765
col_remove,tf_col_early,2,0.6555052022015099
col_remove,tf_col_early,2,0.8023002723619198
col_remove,tf_col_early,2,0.6555052022015099
col_remove,tf_col_early,2,0.58039284563595
col_remove,tf_col_early,2,0.33396830864017396
col_remove,tf_col_early,2,0.7369270153900016
col_remove,tf_col_early,3,0.8079142727229016
row_remove,tf_col_early,0,1.0
row_remove,tf_col_early,5,0.9994774638370033
row_remove,tf_col_early,10,0.9996672048749881
row_remove,tf_col_early,15,0.9992806626963745
row_remove,tf_col_early,20,0.9973078835882896
row_remove,tf_col_early,25,0.9950916441307441
row_remove,tf_col_early,30,0.9970668348693713
row_remove,tf_col_early,36,0.9956722552971728
row_remove,tf_col_early,41,0.9983632665655356
row_remove,tf_col_early,46,0.9960726197959762
row_remove,tf_col_early,51,0.995087183160527
row_remove,tf_col_early,56,0.992015578192206
row_remove,tf_col_early,61,0.9835043369586247
row_remove,tf_col_early,67,0.9940890675078641
row_remove,tf_col_early,72,0.9731422923317681
row_remove,tf_col_early,77,0.9785626371247034
row_remove,tf_col_early,82,0.9964628994446054
row_remove,tf_col_early,87,0.983752274373933
row_remove,tf_col_early,92,0.9834504696411878
row_remove,tf_col_early,98,0.7446382988507775
value_noise,tf_col_early,0,1.0
value_noise,tf_col_early,21,0.9996600751660307
value_noise,tf_col_early,42,0.9988904607384265
value_noise,tf_col_early,63,0.9982110821061706
value_noise,tf_col_early,84,0.998559032596376
value_noise,tf_col_early,105,0.9961569276039443
value_noise,tf_col_early,126,0.9945734812308236
value_noise,tf_col_early,147,0.9841333239430514
value_noise,tf_col_early,168,0.9894202332654097
value_noise,tf_col_early,189,0.9878178488187077
value_noise,tf_col_early,210,0.9963594460608017
value_noise,tf_col_early,231,0.99123390315915
value_noise,tf_col_early,252,0.9910674775436281
value_noise,tf_col_early,273,0.9879915811272433
value_noise,tf_col_early,294,0.9897952567376918
value_noise,tf_col_early,315,0.9802986240905637
value_noise,tf_col_early,336,0.9802565536390104
value_noise,tf_col_early,357,0.9839803947294502
value_noise,tf_col_early,378,0.9911236986752855
value_noise,tf_col_early,400,0.9722911689714292
alt_target,tf_col_early,0,0.9580772830387765
alt_target,tf_col_early,1,0.7958222993226972
alt_target,tf_col_early,2,0.8542364431890167
alt_target,tf_col_early,3,0.8714201117791283
row_shuffle,tf_col_middle,0,1.0
row_shuffle,tf_col_middle,5,0.9999999999999968
row_shuffle,tf_col_middle,10,0.9999999999999976
row_shuffle,tf_col_middle,15,0.9999999999999943
row_shuffle,tf_col_middle,21,0.9999999999999976
row_shuffle,tf_col_middle,26,0.9999999999999972
row_shuffle,tf_col_middle,31,0.9999999999999942
row_shuffle,tf_col_middle,36,0.9999999999999969
row_shuffle,tf_col_middle,42,0.9999999999999949
row_shuffle,tf_col_middle,47,0.9999999999999978
row_shuffle,tf_col_middle,52,0.9999999999999936
row_shuffle,tf_col_middle,57,0.999999999999987
row_shuffle,tf_col_middle,63,0.9999999999999963
row_shuffle,tf_col_middle,68,0.999999999999993
row_shuffle,tf_col_middle,73,0.999999999999996
row_shuffle,tf_col_middle,78,0.9999999999999962
row_shuffle,tf_col_middle,84,0.9999999999999897
row_shuffle,tf_col_middle,89,0.9999999999999948
row_shuffle,tf_col_middle,94,0.9999999999999979
row_shuffle,tf_col_middle,100,0.9999999999999956
col_shuffle,tf_col_middle,0,1.0
col_shuffle,tf_col_middle,0,1.0
col_shuffle,tf_col_middle,0,1.0
col_shuffle,tf_col_middle,0,1.0
col_shuffle,tf_col_middle,0,1.0
col_shuffle,tf_col_middle,1,0.9999999999999999
col_shuffle,tf_col_middle,1,0.9999999999999998
col_shuffle,tf_col_middle,1,0.9999999999999999
col_shuffle,tf_col_middle,1,0.9999999999999998
col_shuffle,tf_col_middle,1,0.9999999999999999
col_shuffle,tf_col_middle,2,0.9999999999999998
col_shuffle,tf_col_middle,2,0.9999999999999998
col_shuffle,tf_col_middle,2,0.9999999999999998
col_shuffle,tf_col_middle,2,1.0
col_shuffle,tf_col_middle,2,0.9999999999999999
col_shuffle,tf_col_middle,3,0.9999999999999999
col_shuffle,tf_col_middle,3,0.9999999999999998
col_shuffle,tf_col_middle,3,0.9999999999999999
col_shuffle,tf_col_middle,3,0.9999999999999998
col_shuffle,tf_col_middle,4,0.9999999999999999
random_labels,tf_col_middle,0,1.0
random_labels,tf_col_middle,5,1.0
random_labels,tf_col_middle,10,1.0
random_labels,tf_col_middle,15,1.0
random_labels,tf_col_middle,21,1.0
random_labels,tf_col_middle,26,1.0
random_labels,tf_col_middle,31,1.0
random_labels,tf_col_middle,36,1.0
random_labels,tf_col_middle,42,1.0
random_labels,tf_col_middle,47,1.0
random_labels,tf_col_middle,52,1.0
random_labels,tf_col_middle,57,1.0
random_labels,tf_col_middle,63,1.0
random_labels,tf_col_middle,68,1.0
random_labels,tf_col_middle,73,1.0
random_labels,tf_col_middle,78,1.0
random_labels,tf_col_middle,84,1.0
random_labels,tf_col_middle,89,1.0
random_labels,tf_col_middle,94,1.0
random_labels,tf_col_middle,100,1.0
col_remove,tf_col_middle,0,1.0
col_remove,tf_col_middle,0,1.0
col_remove,tf_col_middle,0,1.0
col_remove,tf_col_middle,0,1.0
col_remove,tf_col_middle,0,1.0
col_remove,tf_col_middle,0,1.0
col_remove,tf_col_middle,0,1.0
col_remove,tf_col_middle,1,0.8714201117791283
col_remove,tf_col_middle,1,0.8542364431890167
col_remove,tf_col_middle,1,0.9580772830387765
col_remove,tf_col_middle,1,0.8714201117791283
col_remove,tf_col_middle,1,0.8714201117791283
col_remove,tf_col_middle,1,0.9580772830387765
col_remove,tf_col_middle,2,0.6555052022015099
col_remove,tf_col_middle,2,0.8023002723619198
col_remove,tf_col_middle,2,0.6555052022015099
col_remove,tf_col_middle,2,0.58039284563595
col_remove,tf_col_middle,2,0.33396830864017396
col_remove,tf_col_middle,2,0.7369270153900016
col_remove,tf_col_middle,3,0.8079142727229016
row_remove,tf_col_middle,0,1.0
row_remove,tf_col_middle,5,0.9994774638370033
row_remove,tf_col_middle,10,0.9996672048749881
row_remove,tf_col_middle,15,0.9992806626963745
row_remove,tf_col_middle,20,0.9973078835882896
row_remove,tf_col_middle,25,0.9950916441307441
row_remove,tf_col_middle,30,0.9970668348693713
row_remove,tf_col_middle,36,0.9956722552971728
row_remove,tf_col_middle,41,0.9983632665655356
row_remove,tf_col_middle,46,0.9960726197959762
row_remove,tf_col_middle,51,0.995087183160527
row_remove,tf_col_middle,56,0.992015578192206
row_remove,tf_col_middle,61,0.9835043369586247
row_remove,tf_col_middle,67,0.9940890675078641
row_remove,tf_col_middle,72,0.9731422923317681
row_remove,tf_col_middle,77,0.9785626371247034
row_remove,tf_col_middle,82,0.9964628994446054
row_remove,tf_col_middle,87,0.983752274373933
row_remove,tf_col_middle,92,0.9834504696411878
row_remove,tf_col_middle,98,0.7446382988507775
value_noise,tf_col_middle,0,1.0
value_noise,tf_col_middle,21,0.9996600751660307
value_noise,tf_col_middle,42,0.9988904607384265
value_noise,tf_col_middle,63,0.9982110821061706
value_noise,tf_col_middle,84,0.998559032596376
value_noise,tf_col_middle,105,0.9961569276039443
value_noise,tf_col_middle,126,0.9945734812308236
value_noise,tf_col_middle,147,0.9841333239430514
value_noise,tf_col_middle,168,0.9894202332654097
value_noise,tf_col_middle,189,0.9878178488187077
value_noise,tf_col_middle,210,0.9963594460608017
value_noise,tf_col_middle,231,0.99123390315915
value_noise,tf_col_middle,252,0.9910674775436281
value_noise,tf_col_middle,273,0.9879915811272433
value_noise,tf_col_middle,294,0.9897952567376918
value_noise,tf_col_middle,315,0.9802986240905637
value_noise,tf_col_middle,336,0.9802565536390104
value_noise,tf_col_middle,357,0.9839803947294502
value_noise,tf_col_middle,378,0.9911236986752855
value_noise,tf_col_middle,400,0.9722911689714292
alt_target,tf_col_middle,0,0.9580772830387765
alt_target,tf_col_middle,1,0.7958222993226972
alt_target,tf_col_middle,2,0.8542364431890167
alt_target,tf_col_middle,3,0.8714201117791283
row_shuffle,tf_col,0,1.0
row_shuffle,tf_col,5,0.9999999999999678
row_shuffle,tf_col,10,0.9999999999999889
row_shuffle,tf_col,15,0.9999999999999913
row_shuffle,tf_col,21,0.9999999999999925
row_shuffle,tf_col,26,0.9999999999999701
row_shuffle,tf_col,31,0.9999999999999563
row_shuffle,tf_col,36,0.9999999999999828
row_shuffle,tf_col,42,0.9999999999999877
row_shuffle,tf_col,47,0.9999999999999913
row_shuffle,tf_col,52,0.9999999999999721
row_shuffle,tf_col,57,0.9999999999999449
row_shuffle,tf_col,63,0.999999999999985
row_shuffle,tf_col,68,0.999999999999985
row_shuffle,tf_col,73,0.9999999999999815
row_shuffle,tf_col,78,0.9999999999999853
row_shuffle,tf_col,84,0.9999999999999858
row_shuffle,tf_col,89,0.9999999999999747
row_shuffle,tf_col,94,0.9999999999999925
row_shuffle,tf_col,100,0.9999999999999863
col_shuffle,tf_col,0,1.0
col_shuffle,tf_col,0,1.0
col_shuffle,tf_col,0,1.0
col_shuffle,tf_col,0,1.0
col_shuffle,tf_col,0,1.0
col_shuffle,tf_col,1,0.9999999999999992
col_shuffle,tf_col,1,0.9999999999999996
col_shuffle,tf_col,1,0.9999999999999997
col_shuffle,tf_col,1,0.9999999999999996
col_shuffle,tf_col,1,0.9999999999999997
col_shuffle,tf_col,2,0.9999999999999996
col_shuffle,tf_col,2,0.9999999999999993
col_shuffle,tf_col,2,0.9999999999999996
col_shuffle,tf_col,2,1.0
col_shuffle,tf_col,2,0.9999999999999996
col_shuffle,tf_col,3,0.9999999999999997
col_shuffle,tf_col,3,0.9999999999999993
col_shuffle,tf_col,3,0.9999999999999997
col_shuffle,tf_col,3,0.9999999999999993
col_shuffle,tf_col,4,0.9999999999999992
random_labels,tf_col,0,1.0
random_labels,tf_col,5,1.0
random_labels,tf_col,10,1.0
random_labels,tf_col,15,1.0
random_labels,tf_col,21,1.0
random_labels,tf_col,26,1.0
random_labels,tf_col,31,1.0
random_labels,tf_col,36,1.0
random_labels,tf_col,42,1.0
random_labels,tf_col,47,1.0
random_labels,tf_col,52,1.0
random_labels,tf_col,57,1.0
random_labels,tf_col,63,1.0
random_labels,tf_col,68,1.0
random_labels,tf_col,73,1.0
random_labels,tf_col,78,1.0
random_labels,tf_col,84,1.0
random_labels,tf_col,89,1.0
random_labels,tf_col,94,1.0
random_labels,tf_col,100,1.0
col_remove,tf_col,0,1.0
col_remove,tf_col,0,1.0
col_remove,tf_col,0,1.0
col_remove,tf_col,0,1.0
col_remove,tf_col,0,1.0
col_remove,tf_col,0,1.0
col_remove,tf_col,0,1.0
col_remove,tf_col,1,0.9309790177956012
col_remove,tf_col,1,0.9140746820868876
col_remove,tf_col,1,0.972066933235767
col_remove,tf_col,1,0.9309790177956012
col_remove,tf_col,1,0.9309790177956012
col_remove,tf_col,1,0.972066933235767
col_remove,tf_col,2,0.8463630289676904
col_remove,tf_col,2,0.9198624616868903
col_remove,tf_col,2,0.8463630289676904
col_remove,tf_col,2,0.7934545188663844
col_remove,tf_col,2,0.4585041587912111
col_remove,tf_col,2,0.887737264334146
col_remove,tf_col,3,0.8039223817761453
row_remove,tf_col,0,1.0
row_remove,tf_col,5,0.9990549120425999
row_remove,tf_col,10,0.9992842249987071
row_remove,tf_col,15,0.9970818179736776
row_remove,tf_col,20,0.997628933006984
row_remove,tf_col,25,0.9964360295506508
row_remove,tf_col,30,0.9946674665256496
row_remove,tf_col,36,0.9946714193494918
row_remove,tf_col,41,0.994755549724923
row_remove,tf_col,46,0.9824630341021283
row_remove,tf_col,51,0.9909318942319303
row_remove,tf_col,56,0.9869564934577463
row_remove,tf_col,61,0.9776969082886505
row_remove,tf_col,67,0.9858851145380386
row_remove,tf_col,72,0.9673909771876301
row_remove,tf_col,77,0.9692349002425352
row_remove,tf_col,82,0.995689031933975
row_remove,tf_col,87,0.9804943328088057
row_remove,tf_col,92,0.9842605790132076
row_remove,tf_col,98,0.7976106884280909
value_noise,tf_col,0,1.0
value_noise,tf_col,21,0.9978899431293123
value_noise,tf_col,42,0.9977503010191484
value_noise,tf_col,63,0.9932632403333875
value_noise,tf_col,84,0.9987276816423744
value_noise,tf_col,105,0.9967431651357881
value_noise,tf_col,126,0.9897555801225139
value_noise,tf_col,147,0.9878369800539656
value_noise,tf_col,168,0.9701449980514374
value_noise,tf_col,189,0.9771085228596528
value_noise,tf_col,210,0.9858660824465729
value_noise,tf_col,231,0.9799648621190348
value_noise,tf_col,252,0.9759734962922013
value_noise,tf_col,273,0.9808574993375355
value_noise,tf_col,294,0.9506438229479253
value_noise,tf_col,315,0.9598584742909704
value_noise,tf_col,336,0.9552935947834368
value_noise,tf_col,357,0.9671042330284381
value_noise,tf_col,378,0.9547411793726645
value_noise,tf_col,400,0.9579654766359108
alt_target,tf_col,0,0.972066933235767
alt_target,tf_col,1,0.9293176678128297
alt_target,tf_col,2,0.9140746820868876
alt_target,tf_col,3,0.9309790177956012
row_shuffle,tf_row_early,0,1.0
row_shuffle,tf_row_early,5,0.9999999999994484
row_shuffle,tf_row_early,10,0.9999999999998991
row_shuffle,tf_row_early,15,0.9999999999998912
row_shuffle,tf_row_early,21,0.9999999999998306
row_shuffle,tf_row_early,26,0.9999999999995939
row_shuffle,tf_row_early,31,0.9999999999996654
row_shuffle,tf_row_early,36,0.9999999999999539
row_shuffle,tf_row_early,42,0.999999999999898
row_shuffle,tf_row_early,47,0.9999999999999568
row_shuffle,tf_row_early,52,0.999999999999514
row_shuffle,tf_row_early,57,0.9999999999998916
row_shuffle,tf_row_early,63,0.999999999999854
row_shuffle,tf_row_early,68,0.9999999999998589
row_shuffle,tf_row_early,73,0.9999999999998616
row_shuffle,tf_row_early,78,0.999999999999935
row_shuffle,tf_row_early,84,0.9999999999999516
row_shuffle,tf_row_early,89,0.9999999999998755
row_shuffle,tf_row_early,94,0.9999999999999262
row_shuffle,tf_row_early,100,0.9999999999998219
col_shuffle,tf_row_early,0,1.0
col_shuffle,tf_row_early,0,1.0
col_shuffle,tf_row_early,0,1.0
col_shuffle,tf_row_early,0,1.0
col_shuffle,tf_row_early,0,1.0
col_shuffle,tf_row_early,1,0.9998554258742129
col_shuffle,tf_row_early,1,0.9999593295105486
col_shuffle,tf_row_early,1,0.9992561351472076
col_shuffle,tf_row_early,1,0.9999593295105486
col_shuffle,tf_row_early,1,0.9990296209044295
col_shuffle,tf_row_early,2,0.99949938748859
col_shuffle,tf_row_early,2,0.9991066138638985
col_shuffle,tf_row_early,2,0.9987066167576089
col_shuffle,tf_row_early,2,1.0
col_shuffle,tf_row_early,2,0.9995626031446043
col_shuffle,tf_row_early,3,0.9990296209044295
col_shuffle,tf_row_early,3,0.9989432456672738
col_shuffle,tf_row_early,3,0.9992561351472076
col_shuffle,tf_row_early,3,0.9989644043308271
col_shuffle,tf_row_early,4,0.999618966499014
random_labels,tf_row_early,0,1.0
random_labels,tf_row_early,5,1.0
random_labels,tf_row_early,10,1.0
random_labels,tf_row_early,15,1.0
random_labels,tf_row_early,21,1.0
random_labels,tf_row_early,26,1.0
random_labels,tf_row_early,31,1.0
random_labels,tf_row_early,36,1.0
random_labels,tf_row_early,42,1.0
random_labels,tf_row_early,47,1.0
random_labels,tf_row_early,52,1.0
random_labels,tf_row_early,57,1.0
random_labels,tf_row_early,63,1.0
random_labels,tf_row_early,68,1.0
random_labels,tf_row_early,73,1.0
random_labels,tf_row_early,78,1.0
random_labels,tf_row_early,84,1.0
random_labels,tf_row_early,89,1.0
random_labels,tf_row_early,94,1.0
random_labels,tf_row_early,100,1.0
col_remove,tf_row_early,0,1.0
col_remove,tf_row_early,0,1.0
col_remove,tf_row_early,0,1.0
col_remove,tf_row_early,0,1.0
col_remove,tf_row_early,0,1.0
col_remove,tf_row_early,0,1.0
col_remove,tf_row_early,0,1.0
col_remove,tf_row_early,1,0.9583482757184605
col_remove,tf_row_early,1,0.9508883917373853
col_remove,tf_row_early,1,0.9512464315181819
col_remove,tf_row_early,1,0.9583482757184605
col_remove,tf_row_early,1,0.9583482757184605
col_remove,tf_row_early,1,0.9512464315181819
col_remove,tf_row_early,2,0.8070862474239945
col_remove,tf_row_early,2,0.7673867536050704
col_remove,tf_row_early,2,0.8070862474239945
col_remove,tf_row_early,2,0.7715149160853694
col_remove,tf_row_early,2,0.7192278937756607
col_remove,tf_row_early,2,0.7237885356635365
col_remove,tf_row_early,3,0.6410782435884717
row_remove,tf_row_early,0,1.0
row_remove,tf_row_early,5,0.9975500557338568
row_remove,tf_row_early,10,0.9973065340328992
row_remove,tf_row_early,15,0.9813877683549805
row_remove,tf_row_early,20,0.9922399428423759
row_remove,tf_row_early,25,0.9918862157811333
row_remove,tf_row_early,30,0.9839132949199686
row_remove,tf_row_early,36,0.9704511051479743
row_remove,tf_row_early,41,0.9943961750940874
row_remove,tf_row_early,46,0.9802002365476935
row_remove,tf_row_early,51,0.9861143114770203
row_remove,tf_row_early,56,0.9585470626360687
row_remove,tf_row_early,61,0.9614598797779336
row_remove,tf_row_early,67,0.9850955468113444
row_remove,tf_row_early,72,0.9689769457500002
row_remove,tf_row_early,77,0.9340927750080876
row_remove,tf_row_early,82,0.9166316740647249
row_remove,tf_row_early,87,0.9598735606251396
row_remove,tf_row_early,92,0.9141589990525311
row_remove,tf_row_early,98,0.600593214380293
value_noise,tf_row_early,0,1.0
value_noise,tf_row_early,21,0.9942725497213614
value_noise,tf_row_early,42,0.9952081618683349
value_noise,tf_row_early,63,0.9792370858900384
value_noise,tf_row_early,84,0.9937101690298622
value_noise,tf_row_early,105,0.9666767308039041
value_noise,tf_row_early,126,0.9889086626672633
value_noise,tf_row_early,147,0.8967033057121148
value_noise,tf_row_early,168,0.942047175966421
value_noise,tf_row_early,189,0.9177470975765774
value_noise,tf_row_early,210,0.9837144070074403
value_noise,tf_row_early,231,0.9248507638870442
value_noise,tf_row_early,252,0.8956056204686605
value_noise,tf_row_early,273,0.9261550480187061
value_noise,tf_row_early,294,0.9360791294065
value_noise,tf_row_early,315,0.9482135216100139
value_noise,tf_row_early,336,0.8867087803041785
value_noise,tf_row_early,357,0.9129788130709524
value_noise,tf_row_early,378,0.9645426057041022
value_noise,tf_row_early,400,0.9019097477275834
alt_target,tf_row_early,0,0.9512464315181819
alt_target,tf_row_early,1,0.7656256806620154
alt_target,tf_row_early,2,0.9508883917373853
alt_target,tf_row_early,3,0.9583482757184605
row_shuffle,tf_row_middle,0,1.0
row_shuffle,tf_row_middle,5,0.9999999999994484
row_shuffle,tf_row_middle,10,0.9999999999998991
row_shuffle,tf_row_middle,15,0.9999999999998912
row_shuffle,tf_row_middle,21,0.9999999999998306
row_shuffle,tf_row_middle,26,0.9999999999995939
row_shuffle,tf_row_middle,31,0.9999999999996654
row_shuffle,tf_row_middle,36,0.9999999999999539
row_shuffle,tf_row_middle,42,0.999999999999898
row_shuffle,tf_row_middle,47,0.9999999999999568
row_shuffle,tf_row_middle,52,0.999999999999514
row_shuffle,tf_row_middle,57,0.9999999999998916
row_shuffle,tf_row_middle,63,0.999999999999854
row_shuffle,tf_row_middle,68,0.9999999999998589
row_shuffle,tf_row_middle,73,0.9999999999998616
row_shuffle,tf_row_middle,78,0.999999999999935
row_shuffle,tf_row_middle,84,0.9999999999999516
row_shuffle,tf_row_middle,89,0.9999999999998755
row_shuffle,tf_row_middle,94,0.9999999999999262
row_shuffle,tf_row_middle,100,0.9999999999998219
col_shuffle,tf_row_middle,0,1.0
col_shuffle,tf_row_middle,0,1.0
col_shuffle,tf_row_middle,0,1.0
col_shuffle,tf_row_middle,0,1.0
col_shuffle,tf_row_middle,0,1.0
col_shuffle,tf_row_middle,1,0.9998554258742129
col_shuffle,tf_row_middle,1,0.9999593295105486
col_shuffle,tf_row_middle,1,0.9992561351472076
col_shuffle,tf_row_middle,1,0.9999593295105486
col_shuffle,tf_row_middle,1,0.9990296209044295
col_shuffle,tf_row_middle,2,0.99949938748859
col_shuffle,tf_row_middle,2,0.9991066138638985
col_shuffle,tf_row_middle,2,0.9987066167576089
col_shuffle,tf_row_middle,2,1.0
col_shuffle,tf_row_middle,2,0.9995626031446043
col_shuffle,tf_row_middle,3,0.9990296209044295
col_shuffle,tf_row_middle,3,0.9989432456672738
col_shuffle,tf_row_middle,3,0.9992561351472076
col_shuffle,tf_row_middle,3,0.9989644043308271
col_shuffle,tf_row_middle,4,0.999618966499014
random_labels,tf_row_middle,0,1.0
random_labels,tf_row_middle,5,1.0
random_labels,tf_row_middle,10,1.0
random_labels,tf_row_middle,15,1.0
random_labels,tf_row_middle,21,1.0
random_labels,tf_row_middle,26,1.0
random_labels,tf_row_middle,31,1.0
random_labels,tf_row_middle,36,1.0
random_labels,tf_row_middle,42,1.0
random_labels,tf_row_middle,47,1.0
random_labels,tf_row_middle,52,1.0
random_labels,tf_row_middle,57,1.0
random_labels,tf_row_middle,63,1.0
random_labels,tf_row_middle,68,1.0
random_labels,tf_row_middle,73,1.0
random_labels,tf_row_middle,78,1.0
random_labels,tf_row_middle,84,1.0
random_labels,tf_row_middle,89,1.0
random_labels,tf_row_middle,94,1.0
random_labels,tf_row_middle,100,1.0
col_remove,tf_row_middle,0,1.0
col_remove,tf_row_middle,0,1.0
col_remove,tf_row_middle,0,1.0
col_remove,tf_row_middle,0,1.0
col_remove,tf_row_middle,0,1.0
col_remove,tf_row_middle,0,1.0
col_remove,tf_row_middle,0,1.0
col_remove,tf_row_middle,1,0.9583482757184605
col_remove,tf_row_middle,1,0.9508883917373853
col_remove,tf_row_middle,1,0.9512464315181819
col_remove,tf_row_middle,1,0.9583482757184605
col_remove,tf_row_middle,1,0.9583482757184605
col_remove,tf_row_middle,1,0.9512464315181819
col_remove,tf_row_middle,2,0.8070862474239945
col_remove,tf_row_middle,2,0.7673867536050704
col_remove,tf_row_middle,2,0.8070862474239945
col_remove,tf_row_middle,2,0.7715149160853694
col_remove,tf_row_middle,2,0.7192278937756607
col_remove,tf_row_middle,2,0.7237885356635365
col_remove,tf_row_middle,3,0.6410782435884717
row_remove,tf_row_middle,0,1.0
row_remove,tf_row_middle,5,0.9975500557338568
row_remove,tf_row_middle,10,0.9973065340328992
row_remove,tf_row_middle,15,0.9813877683549805
row_remove,tf_row_middle,20,0.9922399428423759
row_remove,tf_row_middle,25,0.9918862157811333
row_remove,tf_row_middle,30,0.9839132949199686
row_remove,tf_row_middle,36,0.9704511051479743
row_remove,tf_row_middle,41,0.9943961750940874
row_remove,tf_row_middle,46,0.9802002365476935
row_remove,tf_row_middle,51,0.9861143114770203
row_remove,tf_row_middle,56,0.9585470626360687
row_remove,tf_row_middle,61,0.9614598797779336
row_remove,tf_row_middle,67,0.9850955468113444
row_remove,tf_row_middle,72,0.9689769457500002
row_remove,tf_row_middle,77,0.9340927750080876
row_remove,tf_row_middle,82,0.9166316740647249
row_remove,tf_row_middle,87,0.9598735606251396
row_remove,tf_row_middle,92,0.9141589990525311
row_remove,tf_row_middle,98,0.600593214380293
value_noise,tf_row_middle,0,1.0
value_noise,tf_row_middle,21,0.9942725497213614
value_noise,tf_row_middle,42,0.9952081618683349
value_noise,tf_row_middle,63,0.9792370858900384
value_noise,tf_row_middle,84,0.9937101690298622
value_noise,tf_row_middle,105,0.9666767308039041
value_noise,tf_row_middle,126,0.9889086626672633
value_noise,tf_row_middle,147,0.8967033057121148
value_noise,tf_row_middle,168,0.942047175966421
value_noise,tf_row_middle,189,0.9177470975765774
value_noise,tf_row_middle,210,0.9837144070074403
value_noise,tf_row_middle,231,0.9248507638870442
value_noise,tf_row_middle,252,0.8956056204686605
value_noise,tf_row_middle,273,0.9261550480187061
value_noise,tf_row_middle,294,0.9360791294065
value_noise,tf_row_middle,315,0.9482135216100139
value_noise,tf_row_middle,336,0.8867087803041785
value_noise,tf_row_middle,357,0.9129788130709524
value_noise,tf_row_middle,378,0.9645426057041022
value_noise,tf_row_middle,400,0.9019097477275834
alt_target,tf_row_middle,0,0.9512464315181819
alt_target,tf_row_middle,1,0.7656256806620154
alt_target,tf_row_middle,2,0.9508883917373853
alt_target,tf_row_middle,3,0.9583482757184605
row_shuffle,tf_row,0,1.0
row_shuffle,tf_row,5,0.9999999999999432
row_shuffle,tf_row,10,0.9999999999999566
row_shuffle,tf_row,15,0.9999999999999585
row_shuffle,tf_row,21,0.9999999999999615
row_shuffle,tf_row,26,0.9999999999999492
row_shuffle,tf_row,31,0.9999999999999548
row_shuffle,tf_row,36,0.999999999999959
row_shuffle,tf_row,42,0.9999999999999657
row_shuffle,tf_row,47,0.9999999999999598
row_shuffle,tf_row,52,0.999999999999945
row_shuffle,tf_row,57,0.9999999999999492
row_shuffle,tf_row,63,0.9999999999999519
row_shuffle,tf_row,68,0.9999999999999568
row_shuffle,tf_row,73,0.999999999999953
row_shuffle,tf_row,78,0.9999999999999514
row_shuffle,tf_row,84,0.9999999999999649
row_shuffle,tf_row,89,0.9999999999999452
row_shuffle,tf_row,94,0.9999999999999568
row_shuffle,tf_row,100,0.9999999999999463
col_shuffle,tf_row,0,1.0
col_shuffle,tf_row,0,1.0
col_shuffle,tf_row,0,1.0
col_shuffle,tf_row,0,1.0
col_shuffle,tf_row,0,1.0
col_shuffle,tf_row,1,0.9902888448879278
col_shuffle,tf_row,1,0.9971396736804059
col_shuffle,tf_row,1,0.9967121704308921
col_shuffle,tf_row,1,0.9971396736804059
col_shuffle,tf_row,1,0.9977629878999845
col_shuffle,tf_row,2,0.993548426216541
col_shuffle,tf_row,2,0.9940581647707942
col_shuffle,tf_row,2,0.9905177013177779
col_shuffle,tf_row,2,1.0
col_shuffle,tf_row,2,0.9933244501816043
col_shuffle,tf_row,3,0.9977629878999845
col_shuffle,tf_row,3,0.9926356328674488
col_shuffle,tf_row,3,0.9967121704308921
col_shuffle,tf_row,3,0.992295138192792
col_shuffle,tf_row,4,0.9886644458780315
random_labels,tf_row,0,1.0
random_labels,tf_row,5,1.0
random_labels,tf_row,10,1.0
random_labels,tf_row,15,1.0
random_labels,tf_row,21,1.0
random_labels,tf_row,26,1.0
random_labels,tf_row,31,1.0
random_labels,tf_row,36,1.0
random_labels,tf_row,42,1.0
random_labels,tf_row,47,1.0
random_labels,tf_row,52,1.0
random_labels,tf_row,57,1.0
random_labels,tf_row,63,1.0
random_labels,tf_row,68,1.0
random_labels,tf_row,73,1.0
random_labels,tf_row,78,1.0
random_labels,tf_row,84,1.0
random_labels,tf_row,89,1.0
random_labels,tf_row,94,1.0
random_labels,tf_row,100,1.0
col_remove,tf_row,0,1.0
col_remove,tf_row,0,1.0
col_remove,tf_row,0,1.0
col_remove,tf_row,0,1.0
col_remove,tf_row,0,1.0
col_remove,tf_row,0,1.0
col_remove,tf_row,0,1.0
col_remove,tf_row,1,0.9691744850291426
col_remove,tf_row,1,0.9807390041933431
col_remove,tf_row,1,0.9713634731239885
col_remove,tf_row,1,0.9691744850291426
col_remove,tf_row,1,0.9691744850291426
col_remove,tf_row,1,0.9713634731239885
col_remove,tf_row,2,0.8759239653355232
col_remove,tf_row,2,0.8729055932282149
col_remove,tf_row,2,0.8759239653355232
col_remove,tf_row,2,0.8890883430309586
col_remove,tf_row,2,0.821418223270383
col_remove,tf_row,2,0.8814923046590512
col_remove,tf_row,3,0.6429800791273264
row_remove,tf_row,0,1.0
row_remove,tf_row,5,0.9996239593481548
row_remove,tf_row,10,0.9995108459233852
row_remove,tf_row,15,0.997803436125202
row_remove,tf_row,20,0.9983493884175313
row_remove,tf_row,25,0.9981371929545871
row_remove,tf_row,30,0.9987074896772102
row_remove,tf_row,36,0.9958038273290102
row_remove,tf_row,41,0.995652800182893
row_remove,tf_row,46,0.9960105492762766
row_remove,tf_row,51,0.9967207271987415
row_remove,tf_row,56,0.9934855179705465
row_remove,tf_row,61,0.9911225491131189
row_remove,tf_row,67,0.990589294723748
row_remove,tf_row,72,0.9926709339080094
row_remove,tf_row,77,0.992445378285774
row_remove,tf_row,82,0.995358712180175
row_remove,tf_row,87,0.9837043646346915
row_remove,tf_row,92,0.9793204837931607
row_remove,tf_row,98,0.7717192984221044
value_noise,tf_row,0,1.0
value_noise,tf_row,21,0.9988489291401818
value_noise,tf_row,42,0.9984660174869734
value_noise,tf_row,63,0.9969900656863142
value_noise,tf_row,84,0.9970563793144988
value_noise,tf_row,105,0.9943526809791091
value_noise,tf_row,126,0.9965831999235519
value_noise,tf_row,147,0.9931486240495228
value_noise,tf_row,168,0.9884515332912869
value_noise,tf_row,189,0.9892476254091572
value_noise,tf_row,210,0.9884823407185438
value_noise,tf_row,231,0.9933476177405833
value_noise,tf_row,252,0.9870305742405506
value_noise,tf_row,273,0.9896180450331453
value_noise,tf_row,294,0.9860907865294621
value_noise,tf_row,315,0.9867265742966056
value_noise,tf_row,336,0.977328505207794
value_noise,tf_row,357,0.9801948521503902
value_noise,tf_row,378,0.9800917402582038
value_noise,tf_row,400,0.9816032925515323
alt_target,tf_row,0,0.9713634731239885
alt_target,tf_row,1,0.938304442074707
alt_target,tf_row,2,0.9807390041933431
alt_target,tf_row,3,0.9691744850291426
row_shuffle,tf_icl,0,1.0
row_shuffle,tf_icl,5,0.9999999999999493
row_shuffle,tf_icl,10,0.9999999999999595
row_shuffle,tf_icl,15,0.9999999999999667
row_shuffle,tf_icl,21,0.9999999999999486
row_shuffle,tf_icl,26,0.9999999999999469
row_shuffle,tf_icl,31,0.9999999999999307
row_shuffle,tf_icl,36,0.9999999999999668
row_shuffle,tf_icl,42,0.99999999999996
row_shuffle,tf_icl,47,0.9999999999999509
row_shuffle,tf_icl,52,0.9999999999999578
row_shuffle,tf_icl,57,0.9999999999999422
row_shuffle,tf_icl,63,0.9999999999998909
row_shuffle,tf_icl,68,0.9999999999999512
row_shuffle,tf_icl,73,0.9999999999999646
row_shuffle,tf_icl,78,0.9999999999999458
row_shuffle,tf_icl,84,0.9999999999999529
row_shuffle,tf_icl,89,0.9999999999999318
row_shuffle,tf_icl,94,0.9999999999999641
row_shuffle,tf_icl,100,0.9999999999999484
col_shuffle,tf_icl,0,1.0
col_shuffle,tf_icl,0,1.0
col_shuffle,tf_icl,0,1.0
col_shuffle,tf_icl,0,1.0
col_shuffle,tf_icl,0,1.0
col_shuffle,tf_icl,1,0.9987292008821794
col_shuffle,tf_icl,1,0.9988123758373713
col_shuffle,tf_icl,1,0.999055380188607
col_shuffle,tf_icl,1,0.9988123758373713
col_shuffle,tf_icl,1,0.999010583705861
col_shuffle,tf_icl,2,0.9983422327361084
col_shuffle,tf_icl,2,0.9989724774952834
col_shuffle,tf_icl,2,0.99829975615874
col_shuffle,tf_icl,2,1.0
col_shuffle,tf_icl,2,0.9982662148907903
col_shuffle,tf_icl,3,0.999010583705861
col_shuffle,tf_icl,3,0.9984907360173697
col_shuffle,tf_icl,3,0.999055380188607
col_shuffle,tf_icl,3,0.9974253225117484
col_shuffle,tf_icl,4,0.9983338579650499
random_labels,tf_icl,0,1.0
random_labels,tf_icl,5,0.9909952105883657
random_labels,tf_icl,10,0.944028250851363
random_labels,tf_icl,15,0.8647030329813374
random_labels,tf_icl,21,0.8717511761642696
random_labels,tf_icl,26,0.8953218861603099
random_labels,tf_icl,31,0.8161476585765155
random_labels,tf_icl,36,0.8957473636012135
random_labels,tf_icl,42,0.8593863557498103
random_labels,tf_icl,47,0.7331450731816036
random_labels,tf_icl,52,0.6554080898565219
random_labels,tf_icl,57,0.7841692002271808
random_labels,tf_icl,63,0.750456137532664
random_labels,tf_icl,68,0.5941915444560625
random_labels,tf_icl,73,0.5613342223040348
random_labels,tf_icl,78,0.5472766789715906
random_labels,tf_icl,84,0.4147456902237554
random_labels,tf_icl,89,0.51214035374505
random_labels,tf_icl,94,0.41523570505968244
random_labels,tf_icl,100,0.3298924168736227
col_remove,tf_icl,0,1.0
col_remove,tf_icl,0,1.0
col_remove,tf_icl,0,1.0
col_remove,tf_icl,0,1.0
col_remove,tf_icl,0,1.0
col_remove,tf_icl,0,1.0
col_remove,tf_icl,0,1.0
col_remove,tf_icl,1,0.9705404579430988
col_remove,tf_icl,1,0.9893089931151117
col_remove,tf_icl,1,0.9938826348580345
col_remove,tf_icl,1,0.9705404579430988
col_remove,tf_icl,1,0.9705404579430988
col_remove,tf_icl,1,0.9938826348580345
col_remove,tf_icl,2,0.9435744024446981
col_remove,tf_icl,2,0.9611550888484897
col_remove,tf_icl,2,0.9435744024446981
col_remove,tf_icl,2,0.9640020959462916
col_remove,tf_icl,2,0.8588947398610296
col_remove,tf_icl,2,0.9781458528189263
col_remove,tf_icl,3,0.6957890421135695
row_remove,tf_icl,0,1.0
row_remove,tf_icl,5,0.9994696868487974
row_remove,tf_icl,10,0.9995967738091122
row_remove,tf_icl,15,0.9981549107995017
row_remove,tf_icl,20,0.9976332274897565
row_remove,tf_icl,25,0.9970193785431873
row_remove,tf_icl,30,0.9945458804185737
row_remove,tf_icl,36,0.9861118536368858
row_remove,tf_icl,41,0.9830136200748889
row_remove,tf_icl,46,0.9912143911784796
row_remove,tf_icl,51,0.9783850733226936
row_remove,tf_icl,56,0.9778145468958249
row_remove,tf_icl,61,0.9763901984383043
row_remove,tf_icl,67,0.9563329819658789
row_remove,tf_icl,72,0.9667437447993111
row_remove,tf_icl,77,0.973230303337224
row_remove,tf_icl,82,0.9262870477125901
row_remove,tf_icl,87,0.9472887474698551
row_remove,tf_icl,92,0.8891672802240962
row_remove,tf_icl,98,0.42590787189576573
value_noise,tf_icl,0,1.0
value_noise,tf_icl,21,0.9962339996398257
value_noise,tf_icl,42,0.9968295896719246
value_noise,tf_icl,63,0.9930130753552868
value_noise,tf_icl,84,0.9902532480887265
value_noise,tf_icl,105,0.9886765578023656
value_noise,tf_icl,126,0.9860149048371571
value_noise,tf_icl,147,0.967924858675072
value_noise,tf_icl,168,0.9796701293121315
value_noise,tf_icl,189,0.9754297993964947
value_noise,tf_icl,210,0.9861483996186481
value_noise,tf_icl,231,0.9489160856401379
value_noise,tf_icl,252,0.9401333315338121
value_noise,tf_icl,273,0.9430382114615194
value_noise,tf_icl,294,0.8926631347425861
value_noise,tf_icl,315,0.9275589708674236
value_noise,tf_icl,336,0.9199442303913467
value_noise,tf_icl,357,0.8407124341793495
value_noise,tf_icl,378,0.7818814344484105
value_noise,tf_icl,400,0.8064335841132134
alt_target,tf_icl,0,0.8175021655948642
alt_target,tf_icl,1,0.6967400481934132
alt_target,tf_icl,2,0.826983735252908
alt_target,tf_icl,3,0.775145449466806
